Model,Accuracy,Precision,Recall,F1-Score,True Positives,False Positives,True Negatives,False Negatives,Total Predictions,Fraud Predictions
Logistic Regression,0.7666666666666667,0.75,0.3333333333333333,0.46153846153846156,15,5,100,30,150,20
Decision Tree (Tuned),0.7466666666666667,0.6842105263157895,0.28888888888888886,0.40625,13,6,99,32,150,19
Random Forest (Tuned),0.74,0.875,0.15555555555555556,0.2641509433962264,7,1,104,38,150,8
Neural Network (Tuned),0.7266666666666667,0.8333333333333334,0.1111111111111111,0.19607843137254902,5,1,104,40,150,6
